"Date","Index","Close"
"2020-03-02","ZM",113.110001
"2020-03-03","ZM",117.470001
"2020-03-04","ZM",116.800003
"2020-03-05","ZM",125
"2020-03-06","ZM",114.32
"2020-03-09","ZM",113.75
"2020-03-10","ZM",108.489998
"2020-03-11","ZM",110.300003
"2020-03-12","ZM",109.470001
"2020-03-13","ZM",107.470001
"2020-03-16","ZM",107.860001
"2020-03-17","ZM",111.099998
"2020-03-18","ZM",118.709999
"2020-03-19","ZM",123.769997
"2020-03-20","ZM",130.550003
"2020-03-23","ZM",159.559998
"2020-03-24","ZM",135.179993
"2020-03-25","ZM",138.110001
"2020-03-26","ZM",141.149994
"2020-03-27","ZM",151.699997
"2020-03-30","ZM",150.880005
"2020-03-31","ZM",146.119995
"2020-04-01","ZM",137
"2020-04-02","ZM",121.93
"2020-04-03","ZM",128.199997
"2020-04-06","ZM",122.940002
"2020-04-07","ZM",113.75
"2020-04-08","ZM",117.809998
"2020-04-09","ZM",124.510002
"2020-04-13","ZM",135.919998
"2020-04-14","ZM",141.889999
"2020-04-15","ZM",151.559998
"2020-04-16","ZM",150.259995
"2020-04-17","ZM",150.059998
"2020-04-20","ZM",148.990005
"2020-04-21","ZM",143.270004
"2020-04-22","ZM",150.25
"2020-04-23","ZM",169.089996
"2020-04-24","ZM",158.800003
"2020-04-27","ZM",164.600006
"2020-04-28","ZM",156.720001
"2020-04-29","ZM",146.479996
"2020-04-30","ZM",135.169998
"2020-05-01","ZM",138.559998
"2020-05-04","ZM",143.440002
"2020-05-05","ZM",144.820007
"2020-05-06","ZM",149.589996
"2020-05-07","ZM",157.800003
"2020-05-08","ZM",155.399994
"2020-05-11","ZM",166.479996
"2020-05-12","ZM",161.039993
"2020-05-13","ZM",167.139999
"2020-05-14","ZM",167.910004
"2020-05-15","ZM",174.830002
"2020-05-18","ZM",164.690002
"2020-05-19","ZM",173.679993
"2020-05-20","ZM",175.479996
"2020-05-21","ZM",172.029999
"2020-05-22","ZM",171.059998
"2020-05-26","ZM",164
"2020-05-27","ZM",161.970001
"2020-05-28","ZM",163.550003
"2020-05-29","ZM",179.479996
"2020-06-01","ZM",204.149994
"2020-06-02","ZM",208.080002
"2020-06-03","ZM",223.869995
"2020-06-04","ZM",210.350006
"2020-06-05","ZM",207.600006
"2020-06-08","ZM",209.830002
"2020-06-09","ZM",205.429993
"2020-06-10","ZM",221.020004
"2020-06-11","ZM",222.070007
"2020-06-12","ZM",219.520004
"2020-06-15","ZM",239.020004
"2020-06-16","ZM",242.559998
"2020-06-17","ZM",236.759995
"2020-06-18","ZM",241.570007
"2020-06-19","ZM",243.479996
"2020-06-22","ZM",251.270004
"2020-06-23","ZM",252.809998
"2020-06-24","ZM",255.899994
"2020-06-25","ZM",259.51001
"2020-06-26","ZM",256.799988
"2020-06-29","ZM",248.559998
"2020-06-30","ZM",253.539993
"2020-07-01","ZM",259.130005
"2020-07-02","ZM",261.73999
"2020-07-06","ZM",261
"2020-07-07","ZM",262.100006
"2020-07-08","ZM",266.320007
"2020-07-09","ZM",269.519989
"2020-07-10","ZM",275.869995
"2020-07-13","ZM",260.299988
"2020-07-14","ZM",260.01001
"2020-07-15","ZM",256.220001
"2020-07-16","ZM",248.539993
"2020-07-17","ZM",246.539993
"2020-07-20","ZM",268.579987
"2020-07-21","ZM",260.440002
"2020-07-22","ZM",261.179993
"2020-07-23","ZM",251.5
"2020-07-24","ZM",246.559998
"2020-07-27","ZM",252.330002
"2020-07-28","ZM",252.179993
"2020-07-29","ZM",252.389999
"2020-07-30","ZM",250
"2020-07-31","ZM",253.910004
"2020-08-03","ZM",268
"2020-08-04","ZM",267.339996
"2020-08-05","ZM",272.899994
"2020-08-06","ZM",268.25
"2020-08-07","ZM",258.730011
"2020-08-10","ZM",250
"2020-08-11","ZM",231.039993
"2020-08-12","ZM",236.720001
"2020-08-13","ZM",247.25
"2020-08-14","ZM",244.910004
"2020-08-17","ZM",266.149994
"2020-08-18","ZM",276.799988
"2020-08-19","ZM",273.51001
"2020-08-20","ZM",290.690002
"2020-08-21","ZM",289.679993
"2020-08-24","ZM",282.279999
"2020-08-25","ZM",290.440002
"2020-08-26","ZM",295.269989
"2020-08-27","ZM",294.679993
"2020-08-28","ZM",299.269989
"2020-08-31","ZM",325.100006
"2020-09-01","ZM",457.690002
"2020-09-02","ZM",423.559998
"2020-09-03","ZM",381.320007
"2020-09-04","ZM",369.890015
"2020-09-08","ZM",350.880005
"2020-09-09","ZM",389.649994
"2020-09-10","ZM",384.480011
"2020-09-11","ZM",383
"2020-09-14","ZM",403.51001
"2020-09-15","ZM",410.940002
"2020-09-16","ZM",408.170013
"2020-09-17","ZM",413.125
"2020-09-18","ZM",438.730011
"2020-09-21","ZM",468.470001
"2020-09-22","ZM",492.600006
"2020-09-23","ZM",500.529999
"2020-09-24","ZM",464.980011
"2020-09-25","ZM",496.5
"2020-09-28","ZM",487.660004
"2020-09-29","ZM",465.5
"2020-09-30","ZM",470.109985
"2020-10-01","ZM",482.98999
"2020-10-02","ZM",482.230011
"2020-10-05","ZM",485.369995
"2020-10-06","ZM",478.25
"2020-10-07","ZM",480.609985
"2020-10-08","ZM",478.549988
"2020-10-09","ZM",492.410004
"2020-10-12","ZM",491.540009
"2020-10-13","ZM",518.789978
"2020-10-14","ZM",509.25
"2020-10-15","ZM",536.400024
"2020-10-16","ZM",559
"2020-10-19","ZM",568.340027
"2020-10-20","ZM",537.02002
"2020-10-21","ZM",513.190002
"2020-10-22","ZM",520.539978
"2020-10-23","ZM",511.519989
"2020-10-26","ZM",517.789978
"2020-10-27","ZM",538.98999
"2020-10-28","ZM",516.01001
"2020-10-29","ZM",489.679993
"2020-10-30","ZM",460.910004
"2020-03-02","CSCO",41.169998
"2020-03-03","CSCO",40.040001
"2020-03-04","CSCO",41.389999
"2020-03-05","CSCO",39.57
"2020-03-06","CSCO",39.68
"2020-03-09","CSCO",37.959999
"2020-03-10","CSCO",40.080002
"2020-03-11","CSCO",37.049999
"2020-03-12","CSCO",33.200001
"2020-03-13","CSCO",37.639999
"2020-03-16","CSCO",33.709999
"2020-03-17","CSCO",35.5
"2020-03-18","CSCO",37.119999
"2020-03-19","CSCO",37.709999
"2020-03-20","CSCO",35.599998
"2020-03-23","CSCO",34.599998
"2020-03-24","CSCO",38.599998
"2020-03-25","CSCO",37.669998
"2020-03-26","CSCO",40.580002
"2020-03-27","CSCO",38.82
"2020-03-30","CSCO",40.32
"2020-03-31","CSCO",39.310001
"2020-04-01","CSCO",38.330002
"2020-04-02","CSCO",39.799999
"2020-04-03","CSCO",39.060001
"2020-04-06","CSCO",41.43
"2020-04-07","CSCO",40.639999
"2020-04-08","CSCO",41.740002
"2020-04-09","CSCO",41.200001
"2020-04-13","CSCO",41.220001
"2020-04-14","CSCO",42.779999
"2020-04-15","CSCO",41.52
"2020-04-16","CSCO",41.5
"2020-04-17","CSCO",42.48
"2020-04-20","CSCO",42.540001
"2020-04-21","CSCO",40.549999
"2020-04-22","CSCO",41.759998
"2020-04-23","CSCO",41.619999
"2020-04-24","CSCO",42.52
"2020-04-27","CSCO",43.060001
"2020-04-28","CSCO",42.490002
"2020-04-29","CSCO",43.34
"2020-04-30","CSCO",42.380001
"2020-05-01","CSCO",40.919998
"2020-05-04","CSCO",41.349998
"2020-05-05","CSCO",41.459999
"2020-05-06","CSCO",41.150002
"2020-05-07","CSCO",41.369999
"2020-05-08","CSCO",42.990002
"2020-05-11","CSCO",43.32
"2020-05-12","CSCO",43.220001
"2020-05-13","CSCO",41.950001
"2020-05-14","CSCO",43.849998
"2020-05-15","CSCO",44.27
"2020-05-18","CSCO",45.060001
"2020-05-19","CSCO",44.610001
"2020-05-20","CSCO",45.439999
"2020-05-21","CSCO",44.639999
"2020-05-22","CSCO",44.900002
"2020-05-26","CSCO",44.84
"2020-05-27","CSCO",45.959999
"2020-05-28","CSCO",45.599998
"2020-05-29","CSCO",47.82
"2020-06-01","CSCO",46.299999
"2020-06-02","CSCO",46.889999
"2020-06-03","CSCO",46.939999
"2020-06-04","CSCO",46.860001
"2020-06-05","CSCO",47.830002
"2020-06-08","CSCO",48.130001
"2020-06-09","CSCO",48.049999
"2020-06-10","CSCO",47.419998
"2020-06-11","CSCO",43.669998
"2020-06-12","CSCO",45.07
"2020-06-15","CSCO",45.349998
"2020-06-16","CSCO",46.48
"2020-06-17","CSCO",46.169998
"2020-06-18","CSCO",45.830002
"2020-06-19","CSCO",45.32
"2020-06-22","CSCO",45.16
"2020-06-23","CSCO",45.470001
"2020-06-24","CSCO",44.75
"2020-06-25","CSCO",45.220001
"2020-06-26","CSCO",46.310001
"2020-06-29","CSCO",46.150002
"2020-06-30","CSCO",46.639999
"2020-07-01","CSCO",46.060001
"2020-07-02","CSCO",45.630001
"2020-07-06","CSCO",46.419998
"2020-07-07","CSCO",45.630001
"2020-07-08","CSCO",45.810001
"2020-07-09","CSCO",46.700001
"2020-07-10","CSCO",46.66
"2020-07-13","CSCO",45.93
"2020-07-14","CSCO",46.259998
"2020-07-15","CSCO",46.400002
"2020-07-16","CSCO",45.779999
"2020-07-17","CSCO",46.75
"2020-07-20","CSCO",46.970001
"2020-07-21","CSCO",47.02
"2020-07-22","CSCO",46.900002
"2020-07-23","CSCO",47.41
"2020-07-24","CSCO",46.400002
"2020-07-27","CSCO",47.189999
"2020-07-28","CSCO",46.279999
"2020-07-29","CSCO",46.709999
"2020-07-30","CSCO",46.439999
"2020-07-31","CSCO",47.099998
"2020-08-03","CSCO",47.16
"2020-08-04","CSCO",47.669998
"2020-08-05","CSCO",47.330002
"2020-08-06","CSCO",47.77
"2020-08-07","CSCO",47.43
"2020-08-10","CSCO",47.73
"2020-08-11","CSCO",47.189999
"2020-08-12","CSCO",48.099998
"2020-08-13","CSCO",42.720001
"2020-08-14","CSCO",42.5
"2020-08-17","CSCO",42.09
"2020-08-18","CSCO",41.98
"2020-08-19","CSCO",41.869999
"2020-08-20","CSCO",42.310001
"2020-08-21","CSCO",42.25
"2020-08-24","CSCO",42.18
"2020-08-25","CSCO",41.959999
"2020-08-26","CSCO",42.25
"2020-08-27","CSCO",42.290001
"2020-08-28","CSCO",42.200001
"2020-08-31","CSCO",42.220001
"2020-09-01","CSCO",42.029999
"2020-09-02","CSCO",42.419998
"2020-09-03","CSCO",40.950001
"2020-09-04","CSCO",40.82
"2020-09-08","CSCO",40
"2020-09-09","CSCO",40.130001
"2020-09-10","CSCO",39.57
"2020-09-11","CSCO",39.880001
"2020-09-14","CSCO",40.369999
"2020-09-15","CSCO",40.599998
"2020-09-16","CSCO",40.419998
"2020-09-17","CSCO",40.369999
"2020-09-18","CSCO",39.810001
"2020-09-21","CSCO",39.040001
"2020-09-22","CSCO",39.32
"2020-09-23","CSCO",38.279999
"2020-09-24","CSCO",37.849998
"2020-09-25","CSCO",38.450001
"2020-09-28","CSCO",39.130001
"2020-09-29","CSCO",39.060001
"2020-09-30","CSCO",39.389999
"2020-10-01","CSCO",38.799999
"2020-10-02","CSCO",38.27
"2020-10-05","CSCO",38.57
"2020-10-06","CSCO",38.57
"2020-10-07","CSCO",39.400002
"2020-10-08","CSCO",39.790001
"2020-10-09","CSCO",39.849998
"2020-10-12","CSCO",40.360001
"2020-10-13","CSCO",39.810001
"2020-10-14","CSCO",39.889999
"2020-10-15","CSCO",39.970001
"2020-10-16","CSCO",40.16
"2020-10-19","CSCO",39.299999
"2020-10-20","CSCO",39.200001
"2020-10-21","CSCO",39.060001
"2020-10-22","CSCO",38.82
"2020-10-23","CSCO",38.82
"2020-10-26","CSCO",37.669998
"2020-10-27","CSCO",36.869999
"2020-10-28","CSCO",35.709999
"2020-10-29","CSCO",35.689999
"2020-10-30","CSCO",35.900002
"2020-03-02","EGHT",18.6
"2020-03-03","EGHT",17.379999
"2020-03-04","EGHT",18.15
"2020-03-05","EGHT",17.440001
"2020-03-06","EGHT",16.959999
"2020-03-09","EGHT",16.74
"2020-03-10","EGHT",17.200001
"2020-03-11","EGHT",14.17
"2020-03-12","EGHT",11.05
"2020-03-13","EGHT",13.58
"2020-03-16","EGHT",11.76
"2020-03-17","EGHT",12.63
"2020-03-18","EGHT",12.61
"2020-03-19","EGHT",15.54
"2020-03-20","EGHT",14.17
"2020-03-23","EGHT",13.77
"2020-03-24","EGHT",17.559999
"2020-03-25","EGHT",18.040001
"2020-03-26","EGHT",16.6
"2020-03-27","EGHT",17.530001
"2020-03-30","EGHT",15.34
"2020-03-31","EGHT",13.86
"2020-04-01","EGHT",12.87
"2020-04-02","EGHT",12.83
"2020-04-03","EGHT",14.06
"2020-04-06","EGHT",16.120001
"2020-04-07","EGHT",15.88
"2020-04-08","EGHT",15.9
"2020-04-09","EGHT",16.16
"2020-04-13","EGHT",16.5
"2020-04-14","EGHT",17.620001
"2020-04-15","EGHT",17.190001
"2020-04-16","EGHT",17.049999
"2020-04-17","EGHT",17.700001
"2020-04-20","EGHT",17.940001
"2020-04-21","EGHT",17.049999
"2020-04-22","EGHT",17.219999
"2020-04-23","EGHT",16.57
"2020-04-24","EGHT",17.02
"2020-04-27","EGHT",16.74
"2020-04-28","EGHT",17.32
"2020-04-29","EGHT",17.73
"2020-04-30","EGHT",16.959999
"2020-05-01","EGHT",15.89
"2020-05-04","EGHT",16.110001
"2020-05-05","EGHT",16.299999
"2020-05-06","EGHT",17.889999
"2020-05-07","EGHT",18.889999
"2020-05-08","EGHT",18.969999
"2020-05-11","EGHT",19.870001
"2020-05-12","EGHT",20.42
"2020-05-13","EGHT",15.03
"2020-05-14","EGHT",14.28
"2020-05-15","EGHT",15.33
"2020-05-18","EGHT",16.17
"2020-05-19","EGHT",14.8
"2020-05-20","EGHT",14.35
"2020-05-21","EGHT",15.13
"2020-05-22","EGHT",15.84
"2020-05-26","EGHT",15.71
"2020-05-27","EGHT",15.49
"2020-05-28","EGHT",14.94
"2020-05-29","EGHT",14.54
"2020-06-01","EGHT",14.95
"2020-06-02","EGHT",14.29
"2020-06-03","EGHT",14.95
"2020-06-04","EGHT",14.73
"2020-06-05","EGHT",14.74
"2020-06-08","EGHT",15.34
"2020-06-09","EGHT",14.36
"2020-06-10","EGHT",14.36
"2020-06-11","EGHT",14.19
"2020-06-12","EGHT",14.27
"2020-06-15","EGHT",15.07
"2020-06-16","EGHT",15.26
"2020-06-17","EGHT",15
"2020-06-18","EGHT",15.32
"2020-06-19","EGHT",15.15
"2020-06-22","EGHT",15.67
"2020-06-23","EGHT",15.71
"2020-06-24","EGHT",14.93
"2020-06-25","EGHT",15.51
"2020-06-26","EGHT",15.47
"2020-06-29","EGHT",15.36
"2020-06-30","EGHT",16
"2020-07-01","EGHT",16.43
"2020-07-02","EGHT",16.379999
"2020-07-06","EGHT",15.98
"2020-07-07","EGHT",15.97
"2020-07-08","EGHT",16.280001
"2020-07-09","EGHT",16.33
"2020-07-10","EGHT",16.1
"2020-07-13","EGHT",15.52
"2020-07-14","EGHT",15.65
"2020-07-15","EGHT",15.61
"2020-07-16","EGHT",15.28
"2020-07-17","EGHT",16.059999
"2020-07-20","EGHT",16.93
"2020-07-21","EGHT",16.690001
"2020-07-22","EGHT",16.709999
"2020-07-23","EGHT",16.639999
"2020-07-24","EGHT",16.110001
"2020-07-27","EGHT",16.42
"2020-07-28","EGHT",16.549999
"2020-07-29","EGHT",17.09
"2020-07-30","EGHT",17.1
"2020-07-31","EGHT",15.9
"2020-08-03","EGHT",16.25
"2020-08-04","EGHT",16.4
"2020-08-05","EGHT",16.549999
"2020-08-06","EGHT",16.360001
"2020-08-07","EGHT",15.87
"2020-08-10","EGHT",15.7
"2020-08-11","EGHT",15.96
"2020-08-12","EGHT",16
"2020-08-13","EGHT",16.200001
"2020-08-14","EGHT",15.98
"2020-08-17","EGHT",16.23
"2020-08-18","EGHT",16.139999
"2020-08-19","EGHT",16.280001
"2020-08-20","EGHT",16.559999
"2020-08-21","EGHT",16.370001
"2020-08-24","EGHT",16.1
"2020-08-25","EGHT",16.639999
"2020-08-26","EGHT",16.98
"2020-08-27","EGHT",16.91
"2020-08-28","EGHT",17.040001
"2020-08-31","EGHT",16.879999
"2020-09-01","EGHT",17.52
"2020-09-02","EGHT",17.190001
"2020-09-03","EGHT",16.57
"2020-09-04","EGHT",15.89
"2020-09-08","EGHT",15.4
"2020-09-09","EGHT",15.3
"2020-09-10","EGHT",15.08
"2020-09-11","EGHT",14.87
"2020-09-14","EGHT",15.61
"2020-09-15","EGHT",15.47
"2020-09-16","EGHT",15.67
"2020-09-17","EGHT",15.19
"2020-09-18","EGHT",15.33
"2020-09-21","EGHT",15.26
"2020-09-22","EGHT",15.65
"2020-09-23","EGHT",15
"2020-09-24","EGHT",14.9
"2020-09-25","EGHT",15.28
"2020-09-28","EGHT",15.71
"2020-09-29","EGHT",15.58
"2020-09-30","EGHT",15.55
"2020-10-01","EGHT",15.78
"2020-10-02","EGHT",15.66
"2020-10-05","EGHT",15.75
"2020-10-06","EGHT",15.83
"2020-10-07","EGHT",15.96
"2020-10-08","EGHT",16.25
"2020-10-09","EGHT",16.49
"2020-10-12","EGHT",16.809999
"2020-10-13","EGHT",16.709999
"2020-10-14","EGHT",16.43
"2020-10-15","EGHT",16.530001
"2020-10-16","EGHT",16.6
"2020-10-19","EGHT",16.48
"2020-10-20","EGHT",16.790001
"2020-10-21","EGHT",16.700001
"2020-10-22","EGHT",16.82
"2020-10-23","EGHT",16.75
"2020-10-26","EGHT",16.41
"2020-10-27","EGHT",16.620001
"2020-10-28","EGHT",15.95
"2020-10-29","EGHT",18.18
"2020-10-30","EGHT",17.280001
"2020-03-02","RNG",239.889999
"2020-03-03","RNG",225.899994
"2020-03-04","RNG",232.839996
"2020-03-05","RNG",225.520004
"2020-03-06","RNG",216.639999
"2020-03-09","RNG",209.479996
"2020-03-10","RNG",213.869995
"2020-03-11","RNG",199.339996
"2020-03-12","RNG",179.809998
"2020-03-13","RNG",174.600006
"2020-03-16","RNG",138.960007
"2020-03-17","RNG",163.25
"2020-03-18","RNG",164.619995
"2020-03-19","RNG",184.229996
"2020-03-20","RNG",183.860001
"2020-03-23","RNG",191.589996
"2020-03-24","RNG",205.080002
"2020-03-25","RNG",190.360001
"2020-03-26","RNG",217.800003
"2020-03-27","RNG",238.970001
"2020-03-30","RNG",228.029999
"2020-03-31","RNG",211.910004
"2020-04-01","RNG",210.669998
"2020-04-02","RNG",220.029999
"2020-04-03","RNG",223.759995
"2020-04-06","RNG",223.100006
"2020-04-07","RNG",194.990005
"2020-04-08","RNG",217.520004
"2020-04-09","RNG",205.139999
"2020-04-13","RNG",210.979996
"2020-04-14","RNG",222.029999
"2020-04-15","RNG",231.440002
"2020-04-16","RNG",232.970001
"2020-04-17","RNG",236.509995
"2020-04-20","RNG",253.110001
"2020-04-21","RNG",234.580002
"2020-04-22","RNG",244.160004
"2020-04-23","RNG",238.910004
"2020-04-24","RNG",238.729996
"2020-04-27","RNG",233.449997
"2020-04-28","RNG",223.389999
"2020-04-29","RNG",225.279999
"2020-04-30","RNG",228.529999
"2020-05-01","RNG",218.100006
"2020-05-04","RNG",233.990005
"2020-05-05","RNG",234.169998
"2020-05-06","RNG",245.039993
"2020-05-07","RNG",259.700012
"2020-05-08","RNG",266.730011
"2020-05-11","RNG",275.029999
"2020-05-12","RNG",278.799988
"2020-05-13","RNG",283
"2020-05-14","RNG",271.549988
"2020-05-15","RNG",285.850006
"2020-05-18","RNG",263.059998
"2020-05-19","RNG",263.179993
"2020-05-20","RNG",264.359985
"2020-05-21","RNG",260.549988
"2020-05-22","RNG",261.529999
"2020-05-26","RNG",251.100006
"2020-05-27","RNG",251.970001
"2020-05-28","RNG",259.51001
"2020-05-29","RNG",274.25
"2020-06-01","RNG",279.359985
"2020-06-02","RNG",273.959991
"2020-06-03","RNG",270.929993
"2020-06-04","RNG",254.059998
"2020-06-05","RNG",252.880005
"2020-06-08","RNG",261.190002
"2020-06-09","RNG",258.429993
"2020-06-10","RNG",274.959991
"2020-06-11","RNG",257.170013
"2020-06-12","RNG",261.880005
"2020-06-15","RNG",270.25
"2020-06-16","RNG",277.410004
"2020-06-17","RNG",272.570007
"2020-06-18","RNG",284.940002
"2020-06-19","RNG",276.170013
"2020-06-22","RNG",287.670013
"2020-06-23","RNG",278.480011
"2020-06-24","RNG",267.579987
"2020-06-25","RNG",279.480011
"2020-06-26","RNG",289.290009
"2020-06-29","RNG",270.959991
"2020-06-30","RNG",285.01001
"2020-07-01","RNG",290.309998
"2020-07-02","RNG",287.630005
"2020-07-06","RNG",290.790009
"2020-07-07","RNG",286.730011
"2020-07-08","RNG",294.320007
"2020-07-09","RNG",295.640015
"2020-07-10","RNG",284.5
"2020-07-13","RNG",260.220001
"2020-07-14","RNG",262.579987
"2020-07-15","RNG",257.209991
"2020-07-16","RNG",251.369995
"2020-07-17","RNG",258.049988
"2020-07-20","RNG",274.600006
"2020-07-21","RNG",285.880005
"2020-07-22","RNG",281.829987
"2020-07-23","RNG",275.380005
"2020-07-24","RNG",268.25
"2020-07-27","RNG",277.820007
"2020-07-28","RNG",275.799988
"2020-07-29","RNG",283.339996
"2020-07-30","RNG",281.48999
"2020-07-31","RNG",290.269989
"2020-08-03","RNG",305.359985
"2020-08-04","RNG",295.890015
"2020-08-05","RNG",290.940002
"2020-08-06","RNG",287.290009
"2020-08-07","RNG",269
"2020-08-10","RNG",265.420013
"2020-08-11","RNG",283.950012
"2020-08-12","RNG",279.160004
"2020-08-13","RNG",286.970001
"2020-08-14","RNG",284.420013
"2020-08-17","RNG",292.350006
"2020-08-18","RNG",290.839996
"2020-08-19","RNG",288.480011
"2020-08-20","RNG",290.380005
"2020-08-21","RNG",291.570007
"2020-08-24","RNG",285.079987
"2020-08-25","RNG",284.029999
"2020-08-26","RNG",290.76001
"2020-08-27","RNG",285.700012
"2020-08-28","RNG",293.359985
"2020-08-31","RNG",290.769989
"2020-09-01","RNG",310.200012
"2020-09-02","RNG",301.350006
"2020-09-03","RNG",279.720001
"2020-09-04","RNG",266.450012
"2020-09-08","RNG",260.290009
"2020-09-09","RNG",259.26001
"2020-09-10","RNG",278.049988
"2020-09-11","RNG",254.740005
"2020-09-14","RNG",262.059998
"2020-09-15","RNG",254.429993
"2020-09-16","RNG",256.459991
"2020-09-17","RNG",251.860001
"2020-09-18","RNG",257.859985
"2020-09-21","RNG",267.399994
"2020-09-22","RNG",268.820007
"2020-09-23","RNG",261.359985
"2020-09-24","RNG",259.339996
"2020-09-25","RNG",269.540009
"2020-09-28","RNG",267.799988
"2020-09-29","RNG",270.76001
"2020-09-30","RNG",274.609985
"2020-10-01","RNG",280.480011
"2020-10-02","RNG",275.109985
"2020-10-05","RNG",274.75
"2020-10-06","RNG",281.019989
"2020-10-07","RNG",289.399994
"2020-10-08","RNG",281.329987
"2020-10-09","RNG",287.410004
"2020-10-12","RNG",286.350006
"2020-10-13","RNG",282.5
"2020-10-14","RNG",277.869995
"2020-10-15","RNG",276.359985
"2020-10-16","RNG",279.950012
"2020-10-19","RNG",282.869995
"2020-10-20","RNG",294.73999
"2020-10-21","RNG",291.799988
"2020-10-22","RNG",283.420013
"2020-10-23","RNG",284.75
"2020-10-26","RNG",283.299988
"2020-10-27","RNG",286.019989
"2020-10-28","RNG",268.209991
"2020-10-29","RNG",266.059998
"2020-10-30","RNG",258.339996
"2020-03-02","LOGM",85.059998
"2020-03-03","LOGM",84.730003
"2020-03-04","LOGM",85.150002
"2020-03-05","LOGM",84.790001
"2020-03-06","LOGM",84.220001
"2020-03-09","LOGM",82.010002
"2020-03-10","LOGM",84.379997
"2020-03-11","LOGM",83.349998
"2020-03-12","LOGM",80.5
"2020-03-13","LOGM",81.230003
"2020-03-16","LOGM",71.519997
"2020-03-17","LOGM",78.5
"2020-03-18","LOGM",78.150002
"2020-03-19","LOGM",79.349998
"2020-03-20","LOGM",79.940002
"2020-03-23","LOGM",78.760002
"2020-03-24","LOGM",80.910004
"2020-03-25","LOGM",80.75
"2020-03-26","LOGM",82.339996
"2020-03-27","LOGM",83.589996
"2020-03-30","LOGM",84.550003
"2020-03-31","LOGM",83.279999
"2020-04-01","LOGM",82.900002
"2020-04-02","LOGM",83.459999
"2020-04-03","LOGM",82.970001
"2020-04-06","LOGM",83.639999
"2020-04-07","LOGM",83.93
"2020-04-08","LOGM",84.169998
"2020-04-09","LOGM",84.699997
"2020-04-13","LOGM",84.459999
"2020-04-14","LOGM",84.830002
"2020-04-15","LOGM",84.760002
"2020-04-16","LOGM",85
"2020-04-17","LOGM",84.989998
"2020-04-20","LOGM",84.519997
"2020-04-21","LOGM",84.519997
"2020-04-22","LOGM",84.629997
"2020-04-23","LOGM",84.730003
"2020-04-24","LOGM",84.809998
"2020-04-27","LOGM",85.010002
"2020-04-28","LOGM",84.889999
"2020-04-29","LOGM",85.050003
"2020-04-30","LOGM",85.459999
"2020-05-01","LOGM",85.349998
"2020-05-04","LOGM",85.309998
"2020-05-05","LOGM",85.209999
"2020-05-06","LOGM",85.260002
"2020-05-07","LOGM",85.349998
"2020-05-08","LOGM",85.190002
"2020-05-11","LOGM",85.32
"2020-05-12","LOGM",85.110001
"2020-05-13","LOGM",85.160004
"2020-05-14","LOGM",85.099998
"2020-05-15","LOGM",85.32
"2020-05-18","LOGM",84.910004
"2020-05-19","LOGM",84.989998
"2020-05-20","LOGM",85.059998
"2020-05-21","LOGM",84.910004
"2020-05-22","LOGM",84.07
"2020-05-26","LOGM",84.230003
"2020-05-27","LOGM",84.769997
"2020-05-28","LOGM",84.709999
"2020-05-29","LOGM",84.900002
"2020-06-01","LOGM",84.800003
"2020-06-02","LOGM",85
"2020-06-03","LOGM",85.059998
"2020-06-04","LOGM",85.080002
"2020-06-05","LOGM",85.279999
"2020-06-08","LOGM",85.360001
"2020-06-09","LOGM",85.389999
"2020-06-10","LOGM",85.150002
"2020-06-11","LOGM",84.940002
"2020-06-12","LOGM",84.699997
"2020-06-15","LOGM",84.690002
"2020-06-16","LOGM",85.129997
"2020-06-17","LOGM",85.150002
"2020-06-18","LOGM",85
"2020-06-19","LOGM",84.900002
"2020-06-22","LOGM",85.059998
"2020-06-23","LOGM",85.25
"2020-06-24","LOGM",85.019997
"2020-06-25","LOGM",84.949997
"2020-06-26","LOGM",84.75
"2020-06-29","LOGM",85.290001
"2020-06-30","LOGM",84.769997
"2020-07-01","LOGM",85.410004
"2020-07-02","LOGM",85.360001
"2020-07-06","LOGM",85.519997
"2020-07-07","LOGM",85.5
"2020-07-08","LOGM",85.540001
"2020-07-09","LOGM",85.589996
"2020-07-10","LOGM",85.580002
"2020-07-13","LOGM",85.5
"2020-07-14","LOGM",85.57
"2020-07-15","LOGM",85.57
"2020-07-16","LOGM",85.650002
"2020-07-17","LOGM",85.82
"2020-07-20","LOGM",85.779999
"2020-07-21","LOGM",85.709999
"2020-07-22","LOGM",85.739998
"2020-07-23","LOGM",85.639999
"2020-07-24","LOGM",85.639999
"2020-07-27","LOGM",85.629997
"2020-07-28","LOGM",85.459999
"2020-07-29","LOGM",85.550003
"2020-07-30","LOGM",85.720001
"2020-07-31","LOGM",85.809998
"2020-08-03","LOGM",85.839996
"2020-08-04","LOGM",85.839996
"2020-08-05","LOGM",85.860001
"2020-08-06","LOGM",85.879997
"2020-08-07","LOGM",85.889999
"2020-08-10","LOGM",85.910004
"2020-08-11","LOGM",85.93
"2020-08-12","LOGM",85.940002
"2020-08-13","LOGM",85.940002
"2020-08-14","LOGM",85.940002
"2020-08-17","LOGM",85.940002
"2020-08-18","LOGM",85.940002
"2020-08-19","LOGM",85.940002
"2020-08-20","LOGM",85.970001
"2020-08-21","LOGM",85.980003
"2020-08-24","LOGM",86.029999
"2020-08-25","LOGM",86.019997
"2020-08-26","LOGM",86.029999
"2020-08-27","LOGM",86.040001
"2020-08-28","LOGM",86.040001
"2020-08-31","LOGM",86.040001
"2020-09-01","LOGM",NA
"2020-09-02","LOGM",NA
"2020-09-03","LOGM",NA
"2020-09-04","LOGM",NA
"2020-09-08","LOGM",NA
"2020-09-09","LOGM",NA
"2020-09-10","LOGM",NA
"2020-09-11","LOGM",NA
"2020-09-14","LOGM",NA
"2020-09-15","LOGM",NA
"2020-09-16","LOGM",NA
"2020-09-17","LOGM",NA
"2020-09-18","LOGM",NA
"2020-09-21","LOGM",NA
"2020-09-22","LOGM",NA
"2020-09-23","LOGM",NA
"2020-09-24","LOGM",NA
"2020-09-25","LOGM",NA
"2020-09-28","LOGM",NA
"2020-09-29","LOGM",NA
"2020-09-30","LOGM",NA
"2020-10-01","LOGM",NA
"2020-10-02","LOGM",NA
"2020-10-05","LOGM",NA
"2020-10-06","LOGM",NA
"2020-10-07","LOGM",NA
"2020-10-08","LOGM",NA
"2020-10-09","LOGM",NA
"2020-10-12","LOGM",NA
"2020-10-13","LOGM",NA
"2020-10-14","LOGM",NA
"2020-10-15","LOGM",NA
"2020-10-16","LOGM",NA
"2020-10-19","LOGM",NA
"2020-10-20","LOGM",NA
"2020-10-21","LOGM",NA
"2020-10-22","LOGM",NA
"2020-10-23","LOGM",NA
"2020-10-26","LOGM",NA
"2020-10-27","LOGM",NA
"2020-10-28","LOGM",NA
"2020-10-29","LOGM",NA
"2020-10-30","LOGM",NA
